question,intent
Show my recent transactions for groceries in Easypaisa.,LIVE_FINANCIAL_DATA
Is my Easypaisa account balance correct for October?,LIVE_FINANCIAL_DATA
What is my current balance in Easypaisa?,LIVE_FINANCIAL_DATA
List my savings goals progress for dining out.,LIVE_FINANCIAL_DATA
Search for entertainment transactions from today.,LIVE_FINANCIAL_DATA
Show my top spending categories for July.,LIVE_FINANCIAL_DATA
List all transactions under 500 PKR for groceries.,LIVE_FINANCIAL_DATA
Show me my Meezan account balance as of December.,LIVE_FINANCIAL_DATA
Retrieve transaction history from April for utilities.,LIVE_FINANCIAL_DATA
Show my credit transactions in Meezan from this morning.,LIVE_FINANCIAL_DATA
Show my top spending categories for September.,LIVE_FINANCIAL_DATA
Am I over my fuel budget this month?,LIVE_FINANCIAL_DATA
Which category did I spend most of my money on in January?,LIVE_FINANCIAL_DATA
Show my top spending categories for March.,LIVE_FINANCIAL_DATA
Which category did I spend most of my money on in June?,LIVE_FINANCIAL_DATA
What is my current savings rate for my food goal?,LIVE_FINANCIAL_DATA
Am I over my food budget this month?,LIVE_FINANCIAL_DATA
What is my current savings rate for my dining out goal?,LIVE_FINANCIAL_DATA
Retrieve transaction history from May for travel.,LIVE_FINANCIAL_DATA
Are there anomalies or spikes in my utilities spending?,LIVE_FINANCIAL_DATA
Show my recent transactions for dining out in Meezan.,LIVE_FINANCIAL_DATA
List my savings goals progress for travel.,LIVE_FINANCIAL_DATA
Show me my current account overview for Meezan.,LIVE_FINANCIAL_DATA
Show me my NBP account balance as of March.,LIVE_FINANCIAL_DATA
Detect any outlier transaction on my JazzCash account.,LIVE_FINANCIAL_DATA
List my savings goals progress for utilities.,LIVE_FINANCIAL_DATA
Are there anomalies or spikes in my food spending?,LIVE_FINANCIAL_DATA
What is my current balance in Alfalah?,LIVE_FINANCIAL_DATA
How much money do I have in my Alfalah wallet?,LIVE_FINANCIAL_DATA
Which category did I spend most of my money on in September?,LIVE_FINANCIAL_DATA
Show my current ROI on investments in NBP.,LIVE_FINANCIAL_DATA
What is my asset breakdown for my UBL account?,LIVE_FINANCIAL_DATA
How much money do I have in my Easypaisa wallet?,LIVE_FINANCIAL_DATA
Which category did I spend most of my money on in August?,LIVE_FINANCIAL_DATA
Am I over my shopping budget this month?,LIVE_FINANCIAL_DATA
What is my asset breakdown for my HBL account?,LIVE_FINANCIAL_DATA
How much money do I have in my JazzCash wallet?,LIVE_FINANCIAL_DATA
Did I make any payments of 1500 PKR to Speedy this morning?,LIVE_FINANCIAL_DATA
Show my top spending categories for December.,LIVE_FINANCIAL_DATA
How much money do I have in my NBP wallet?,LIVE_FINANCIAL_DATA
Show me my JazzCash account balance as of November.,LIVE_FINANCIAL_DATA
Show my credit transactions in Easypaisa from last night.,LIVE_FINANCIAL_DATA
Retrieve transaction history from November for utilities.,LIVE_FINANCIAL_DATA
Which category did I spend most of my money on in November?,LIVE_FINANCIAL_DATA
What is my asset breakdown for my Easypaisa account?,LIVE_FINANCIAL_DATA
List all transactions under 1500 PKR for rent.,LIVE_FINANCIAL_DATA
Did I make any payments of 500 PKR to KFC two days ago?,LIVE_FINANCIAL_DATA
Find debit transactions exceeding 5000 PKR in August.,LIVE_FINANCIAL_DATA
Show me my UBL account balance as of January.,LIVE_FINANCIAL_DATA
Show my recent transactions for entertainment in Meezan.,LIVE_FINANCIAL_DATA
List my savings goals progress for food.,LIVE_FINANCIAL_DATA
How much money do I have in my SCB wallet?,LIVE_FINANCIAL_DATA
Did I make any payments of 50000 PKR to McDonalds today?,LIVE_FINANCIAL_DATA
Retrieve transaction history from July for travel.,LIVE_FINANCIAL_DATA
How much budget is left for entertainment in July?,LIVE_FINANCIAL_DATA
Is my SCB account balance correct for May?,LIVE_FINANCIAL_DATA
List all transactions under 50000 PKR for rent.,LIVE_FINANCIAL_DATA
Show my credit transactions in SCB from two days ago.,LIVE_FINANCIAL_DATA
Am I over my groceries budget this month?,LIVE_FINANCIAL_DATA
Is my SCB account balance correct for February?,LIVE_FINANCIAL_DATA
Show my top spending categories for January.,LIVE_FINANCIAL_DATA
Retrieve transaction history from February for travel.,LIVE_FINANCIAL_DATA
How much total returns have I made on investments as of September?,LIVE_FINANCIAL_DATA
What was the largest expense I recorded on fuel today?,LIVE_FINANCIAL_DATA
What was the largest expense I recorded on entertainment yesterday?,LIVE_FINANCIAL_DATA
Did I make any payments of 25000 PKR to Daraz two days ago?,LIVE_FINANCIAL_DATA
Find debit transactions exceeding 1500 PKR in November.,LIVE_FINANCIAL_DATA
How much total returns have I made on investments as of November?,LIVE_FINANCIAL_DATA
List transactions matching Netflix under 1500 PKR.,LIVE_FINANCIAL_DATA
Check my budget utilization rate for shopping in April.,LIVE_FINANCIAL_DATA
Check my budget utilization rate for food in April.,LIVE_FINANCIAL_DATA
What is my current savings rate for my groceries goal?,LIVE_FINANCIAL_DATA
Are there anomalies or spikes in my shopping spending?,LIVE_FINANCIAL_DATA
Show my latest bank statement details for NBP.,LIVE_FINANCIAL_DATA
Is my NBP account balance correct for April?,LIVE_FINANCIAL_DATA
Search for rent transactions from two days ago.,LIVE_FINANCIAL_DATA
Did I make any payments of 25000 PKR to McDonalds yesterday?,LIVE_FINANCIAL_DATA
How much budget is left for rent in December?,LIVE_FINANCIAL_DATA
Show my top spending categories for June.,LIVE_FINANCIAL_DATA
What was the largest expense I recorded on rent last week?,LIVE_FINANCIAL_DATA
Check my budget utilization rate for fuel in January.,LIVE_FINANCIAL_DATA
Show my latest bank statement details for UBL.,LIVE_FINANCIAL_DATA
List transactions matching Uber under 10000 PKR.,LIVE_FINANCIAL_DATA
What is my current balance in UBL?,LIVE_FINANCIAL_DATA
How much budget is left for fuel in February?,LIVE_FINANCIAL_DATA
How much budget is left for entertainment in May?,LIVE_FINANCIAL_DATA
Search for shopping transactions from yesterday.,LIVE_FINANCIAL_DATA
List all transactions under 1500 PKR for food.,LIVE_FINANCIAL_DATA
Show me my current account overview for HBL.,LIVE_FINANCIAL_DATA
What is my asset breakdown for my Alfalah account?,LIVE_FINANCIAL_DATA
How much total returns have I made on investments as of February?,LIVE_FINANCIAL_DATA
Did I make any payments of 25000 PKR to Uber two days ago?,LIVE_FINANCIAL_DATA
Show me my current account overview for Alfalah.,LIVE_FINANCIAL_DATA
List transactions matching Savyour under 50000 PKR.,LIVE_FINANCIAL_DATA
Show me my SCB account balance as of August.,LIVE_FINANCIAL_DATA
List all transactions under 50000 PKR for entertainment.,LIVE_FINANCIAL_DATA
Show my current ROI on investments in Meezan.,LIVE_FINANCIAL_DATA
Am I over my rent budget this month?,LIVE_FINANCIAL_DATA
Which category did I spend most of my money on in April?,LIVE_FINANCIAL_DATA
Show my recent transactions for shopping in NBP.,LIVE_FINANCIAL_DATA
Show my credit transactions in Alfalah from last week.,LIVE_FINANCIAL_DATA
List all transactions under 50000 PKR for dining out.,LIVE_FINANCIAL_DATA
Search for utilities transactions from today.,LIVE_FINANCIAL_DATA
Find debit transactions exceeding 1500 PKR in April.,LIVE_FINANCIAL_DATA
Detect any outlier transaction on my Meezan account.,LIVE_FINANCIAL_DATA
Did I make any payments of 500 PKR to Careem two days ago?,LIVE_FINANCIAL_DATA
Check my budget utilization rate for shopping in January.,LIVE_FINANCIAL_DATA
Detect any outlier transaction on my NBP account.,LIVE_FINANCIAL_DATA
Detect any outlier transaction on my Easypaisa account.,LIVE_FINANCIAL_DATA
Show my recent transactions for entertainment in HBL.,LIVE_FINANCIAL_DATA
Which category did I spend most of my money on in October?,LIVE_FINANCIAL_DATA
Which category did I spend most of my money on in May?,LIVE_FINANCIAL_DATA
What was the largest expense I recorded on groceries today?,LIVE_FINANCIAL_DATA
Search for entertainment transactions from yesterday.,LIVE_FINANCIAL_DATA
Did I make any payments of 5000 PKR to KFC two days ago?,LIVE_FINANCIAL_DATA
Are there anomalies or spikes in my rent spending?,LIVE_FINANCIAL_DATA
List transactions matching Spotify under 1500 PKR.,LIVE_FINANCIAL_DATA
How much budget is left for entertainment in January?,LIVE_FINANCIAL_DATA
How much total returns have I made on investments as of August?,LIVE_FINANCIAL_DATA
Check my budget utilization rate for utilities in September.,LIVE_FINANCIAL_DATA
Show me my HBL account balance as of October.,LIVE_FINANCIAL_DATA
Show me my Alfalah account balance as of October.,LIVE_FINANCIAL_DATA
Show me my current account overview for NBP.,LIVE_FINANCIAL_DATA
Find debit transactions exceeding 50000 PKR in July.,LIVE_FINANCIAL_DATA
Did I make any payments of 500 PKR to Netflix this morning?,LIVE_FINANCIAL_DATA
Search for food transactions from yesterday.,LIVE_FINANCIAL_DATA
Retrieve transaction history from April for fuel.,LIVE_FINANCIAL_DATA
How much total returns have I made on investments as of April?,LIVE_FINANCIAL_DATA
How much budget is left for shopping in February?,LIVE_FINANCIAL_DATA
What was the largest expense I recorded on rent two days ago?,LIVE_FINANCIAL_DATA
Show me my current account overview for JazzCash.,LIVE_FINANCIAL_DATA
What was the largest expense I recorded on shopping today?,LIVE_FINANCIAL_DATA
Show my credit transactions in Alfalah from last night.,LIVE_FINANCIAL_DATA
Find debit transactions exceeding 5000 PKR in December.,LIVE_FINANCIAL_DATA
Find debit transactions exceeding 50000 PKR in April.,LIVE_FINANCIAL_DATA
Show my current ROI on investments in UBL.,LIVE_FINANCIAL_DATA
Detect any outlier transaction on my UBL account.,LIVE_FINANCIAL_DATA
What is my current balance in JazzCash?,LIVE_FINANCIAL_DATA
Find debit transactions exceeding 100000 PKR in November.,LIVE_FINANCIAL_DATA
Show my credit transactions in SCB from yesterday.,LIVE_FINANCIAL_DATA
Which category did I spend most of my money on in July?,LIVE_FINANCIAL_DATA
Check my budget utilization rate for shopping in December.,LIVE_FINANCIAL_DATA
How much budget is left for dining out in October?,LIVE_FINANCIAL_DATA
Search for shopping transactions from today.,LIVE_FINANCIAL_DATA
Show me my NBP account balance as of November.,LIVE_FINANCIAL_DATA
Search for utilities transactions from last night.,LIVE_FINANCIAL_DATA
Did I make any payments of 25000 PKR to KFC two days ago?,LIVE_FINANCIAL_DATA
Show my latest bank statement details for HBL.,LIVE_FINANCIAL_DATA
Show my recent transactions for utilities in HBL.,LIVE_FINANCIAL_DATA
Is my JazzCash account balance correct for June?,LIVE_FINANCIAL_DATA
Am I over my entertainment budget this month?,LIVE_FINANCIAL_DATA
Search for utilities transactions from this morning.,LIVE_FINANCIAL_DATA
List transactions matching Spotify under 100000 PKR.,LIVE_FINANCIAL_DATA
Retrieve transaction history from February for dining out.,LIVE_FINANCIAL_DATA
What is my current balance in Meezan?,LIVE_FINANCIAL_DATA
Is my Meezan account balance correct for February?,LIVE_FINANCIAL_DATA
Detect any outlier transaction on my HBL account.,LIVE_FINANCIAL_DATA
Show me my NBP account balance as of February.,LIVE_FINANCIAL_DATA
How much money do I have in my Meezan wallet?,LIVE_FINANCIAL_DATA
How much budget is left for shopping in November?,LIVE_FINANCIAL_DATA
List my savings goals progress for entertainment.,LIVE_FINANCIAL_DATA
How much total returns have I made on investments as of December?,LIVE_FINANCIAL_DATA
List my savings goals progress for groceries.,LIVE_FINANCIAL_DATA
What is my current balance in HBL?,LIVE_FINANCIAL_DATA
Show my top spending categories for October.,LIVE_FINANCIAL_DATA
Find debit transactions exceeding 1500 PKR in March.,LIVE_FINANCIAL_DATA
Search for food transactions from this morning.,LIVE_FINANCIAL_DATA
List transactions matching Netflix under 5000 PKR.,LIVE_FINANCIAL_DATA
How much budget is left for dining out in December?,LIVE_FINANCIAL_DATA
Are there anomalies or spikes in my dining out spending?,LIVE_FINANCIAL_DATA
Check my budget utilization rate for food in June.,LIVE_FINANCIAL_DATA
Show me my JazzCash account balance as of December.,LIVE_FINANCIAL_DATA
How much total returns have I made on investments as of October?,LIVE_FINANCIAL_DATA
What was the largest expense I recorded on shopping yesterday?,LIVE_FINANCIAL_DATA
Find debit transactions exceeding 1500 PKR in June.,LIVE_FINANCIAL_DATA
Is my SCB account balance correct for January?,LIVE_FINANCIAL_DATA
Show my latest bank statement details for Meezan.,LIVE_FINANCIAL_DATA
Show me my Alfalah account balance as of August.,LIVE_FINANCIAL_DATA
List all transactions under 1500 PKR for travel.,LIVE_FINANCIAL_DATA
What is my asset breakdown for my SCB account?,LIVE_FINANCIAL_DATA
How much total returns have I made on investments as of May?,LIVE_FINANCIAL_DATA
Is my UBL account balance correct for July?,LIVE_FINANCIAL_DATA
Which category did I spend most of my money on in December?,LIVE_FINANCIAL_DATA
What is my current balance in NBP?,LIVE_FINANCIAL_DATA
Show my credit transactions in UBL from this morning.,LIVE_FINANCIAL_DATA
Am I over my travel budget this month?,LIVE_FINANCIAL_DATA
Which category did I spend most of my money on in February?,LIVE_FINANCIAL_DATA
Is my SCB account balance correct for March?,LIVE_FINANCIAL_DATA
Show my recent transactions for dining out in Easypaisa.,LIVE_FINANCIAL_DATA
List all transactions under 5000 PKR for rent.,LIVE_FINANCIAL_DATA
What is my current savings rate for my utilities goal?,LIVE_FINANCIAL_DATA
List all transactions under 25000 PKR for food.,LIVE_FINANCIAL_DATA
Show my credit transactions in NBP from last week.,LIVE_FINANCIAL_DATA
Show my recent transactions for travel in Alfalah.,LIVE_FINANCIAL_DATA
Are there anomalies or spikes in my travel spending?,LIVE_FINANCIAL_DATA
Retrieve transaction history from June for travel.,LIVE_FINANCIAL_DATA
Retrieve transaction history from December for utilities.,LIVE_FINANCIAL_DATA
List all transactions under 50000 PKR for fuel.,LIVE_FINANCIAL_DATA
Did I make any payments of 50000 PKR to Careem two days ago?,LIVE_FINANCIAL_DATA
Retrieve transaction history from June for fuel.,LIVE_FINANCIAL_DATA
What was my biggest spending category in previous months like March?,RAG_FINANCIAL_MEMORY
Summarize my budget trends for entertainment over the last three months.,RAG_FINANCIAL_MEMORY
What was my biggest spending category in previous months like February?,RAG_FINANCIAL_MEMORY
Did I spend more on fuel in October compared to March?,RAG_FINANCIAL_MEMORY
Retrieve historical insights tagged with high savings for March.,RAG_FINANCIAL_MEMORY
Give me the narrative summary of my transactions from June.,RAG_FINANCIAL_MEMORY
Analyze my historical balance history for Alfalah.,RAG_FINANCIAL_MEMORY
Compare my SCB balances between April and May.,RAG_FINANCIAL_MEMORY
What were my core financial highlights in August?,RAG_FINANCIAL_MEMORY
Retrieve historical insights tagged with high savings for April.,RAG_FINANCIAL_MEMORY
What observations did you write down in my June summary?,RAG_FINANCIAL_MEMORY
Give me the narrative summary of my transactions from February.,RAG_FINANCIAL_MEMORY
Give me the narrative summary of my transactions from January.,RAG_FINANCIAL_MEMORY
How consistent is my savings rate historically since February?,RAG_FINANCIAL_MEMORY
What repeating financial mistakes do I make based on my history in December?,RAG_FINANCIAL_MEMORY
Compare my performance in JazzCash from last month to this month.,RAG_FINANCIAL_MEMORY
What observations did you write down in my August summary?,RAG_FINANCIAL_MEMORY
Show me the comparison report for April and March.,RAG_FINANCIAL_MEMORY
What repeating financial mistakes do I make based on my history in May?,RAG_FINANCIAL_MEMORY
Summarize my budget trends for shopping over the last three months.,RAG_FINANCIAL_MEMORY
What repeating financial mistakes do I make based on my history in August?,RAG_FINANCIAL_MEMORY
Give me the latest generated insight on my fuel habits.,RAG_FINANCIAL_MEMORY
Analyze my historical balance history for UBL.,RAG_FINANCIAL_MEMORY
Retrieve historical insights tagged with high savings for November.,RAG_FINANCIAL_MEMORY
What patterns do you notice in my historical summaries for dining out?,RAG_FINANCIAL_MEMORY
How consistent is my savings rate historically since August?,RAG_FINANCIAL_MEMORY
Show me the comparison report for December and January.,RAG_FINANCIAL_MEMORY
Summarize my budget trends for food over the last three months.,RAG_FINANCIAL_MEMORY
Give me the latest generated insight on my travel habits.,RAG_FINANCIAL_MEMORY
Give me the latest generated insight on my shopping habits.,RAG_FINANCIAL_MEMORY
What was my biggest spending category in previous months like April?,RAG_FINANCIAL_MEMORY
What was my biggest spending category in previous months like September?,RAG_FINANCIAL_MEMORY
Compare my performance in Meezan from last month to this month.,RAG_FINANCIAL_MEMORY
Summarize my financial health in January based on past logs.,RAG_FINANCIAL_MEMORY
Summarize my financial health in July based on past logs.,RAG_FINANCIAL_MEMORY
Did I spend more on shopping in March compared to August?,RAG_FINANCIAL_MEMORY
Show me my long-term transaction patterns for food.,RAG_FINANCIAL_MEMORY
What patterns do you notice in my historical summaries for entertainment?,RAG_FINANCIAL_MEMORY
Did I spend more on utilities in February compared to December?,RAG_FINANCIAL_MEMORY
Do you see a trend in my fuel spending?,RAG_FINANCIAL_MEMORY
Do you see a trend in my shopping spending?,RAG_FINANCIAL_MEMORY
Summarize my financial health in October based on past logs.,RAG_FINANCIAL_MEMORY
How consistent is my savings rate historically since June?,RAG_FINANCIAL_MEMORY
Give me the latest generated insight on my rent habits.,RAG_FINANCIAL_MEMORY
Summarize my financial health in June based on past logs.,RAG_FINANCIAL_MEMORY
How did my spending change between December and March?,RAG_FINANCIAL_MEMORY
Compare my Alfalah balances between February and May.,RAG_FINANCIAL_MEMORY
What repeating financial mistakes do I make based on my history in March?,RAG_FINANCIAL_MEMORY
What patterns do you notice in my historical summaries for travel?,RAG_FINANCIAL_MEMORY
What repeating financial mistakes do I make based on my history in April?,RAG_FINANCIAL_MEMORY
Summarize my financial health in September based on past logs.,RAG_FINANCIAL_MEMORY
Analyze my historical balance history for Meezan.,RAG_FINANCIAL_MEMORY
How consistent is my savings rate historically since December?,RAG_FINANCIAL_MEMORY
What were my core financial highlights in February?,RAG_FINANCIAL_MEMORY
Do you see a trend in my dining out spending?,RAG_FINANCIAL_MEMORY
Give me the latest generated insight on my entertainment habits.,RAG_FINANCIAL_MEMORY
Give me the narrative summary of my transactions from September.,RAG_FINANCIAL_MEMORY
Show my previous reports when I was in deficit during November.,RAG_FINANCIAL_MEMORY
Analyze my historical balance history for JazzCash.,RAG_FINANCIAL_MEMORY
What were my core financial highlights in October?,RAG_FINANCIAL_MEMORY
How did my spending change between February and January?,RAG_FINANCIAL_MEMORY
What were my core financial highlights in July?,RAG_FINANCIAL_MEMORY
Compare my Alfalah balances between May and November.,RAG_FINANCIAL_MEMORY
How consistent is my savings rate historically since May?,RAG_FINANCIAL_MEMORY
Show my previous reports when I was in deficit during June.,RAG_FINANCIAL_MEMORY
Did I spend more on utilities in April compared to August?,RAG_FINANCIAL_MEMORY
What was my biggest spending category in previous months like July?,RAG_FINANCIAL_MEMORY
Did I spend more on entertainment in October compared to June?,RAG_FINANCIAL_MEMORY
Show me my long-term transaction patterns for shopping.,RAG_FINANCIAL_MEMORY
What observations did you write down in my January summary?,RAG_FINANCIAL_MEMORY
Summarize my budget trends for travel over the last three months.,RAG_FINANCIAL_MEMORY
Compare my performance in NBP from last month to this month.,RAG_FINANCIAL_MEMORY
Show me the comparison report for December and June.,RAG_FINANCIAL_MEMORY
How consistent is my savings rate historically since January?,RAG_FINANCIAL_MEMORY
Compare my NBP balances between May and February.,RAG_FINANCIAL_MEMORY
Compare my JazzCash balances between May and October.,RAG_FINANCIAL_MEMORY
What repeating financial mistakes do I make based on my history in July?,RAG_FINANCIAL_MEMORY
Give me the latest generated insight on my dining out habits.,RAG_FINANCIAL_MEMORY
Show me my long-term transaction patterns for groceries.,RAG_FINANCIAL_MEMORY
Show me my long-term transaction patterns for entertainment.,RAG_FINANCIAL_MEMORY
Did I spend more on fuel in October compared to June?,RAG_FINANCIAL_MEMORY
What were my core financial highlights in June?,RAG_FINANCIAL_MEMORY
What were my core financial highlights in May?,RAG_FINANCIAL_MEMORY
Show me the comparison report for November and October.,RAG_FINANCIAL_MEMORY
How did my spending change between August and June?,RAG_FINANCIAL_MEMORY
Show my previous reports when I was in deficit during July.,RAG_FINANCIAL_MEMORY
What observations did you write down in my September summary?,RAG_FINANCIAL_MEMORY
Compare my NBP balances between June and September.,RAG_FINANCIAL_MEMORY
Show my previous reports when I was in deficit during April.,RAG_FINANCIAL_MEMORY
What was my biggest spending category in previous months like May?,RAG_FINANCIAL_MEMORY
What repeating financial mistakes do I make based on my history in October?,RAG_FINANCIAL_MEMORY
Summarize my financial health in March based on past logs.,RAG_FINANCIAL_MEMORY
Summarize my financial health in August based on past logs.,RAG_FINANCIAL_MEMORY
Show my previous reports when I was in deficit during September.,RAG_FINANCIAL_MEMORY
Show me my long-term transaction patterns for rent.,RAG_FINANCIAL_MEMORY
Give me the narrative summary of my transactions from November.,RAG_FINANCIAL_MEMORY
Did I spend more on food in May compared to November?,RAG_FINANCIAL_MEMORY
Compare my JazzCash balances between December and January.,RAG_FINANCIAL_MEMORY
What was my biggest spending category in previous months like January?,RAG_FINANCIAL_MEMORY
What was my biggest spending category in previous months like August?,RAG_FINANCIAL_MEMORY
Show my previous reports when I was in deficit during February.,RAG_FINANCIAL_MEMORY
Retrieve historical insights tagged with high savings for January.,RAG_FINANCIAL_MEMORY
How did my spending change between May and July?,RAG_FINANCIAL_MEMORY
Did I spend more on groceries in May compared to October?,RAG_FINANCIAL_MEMORY
Summarize my financial health in December based on past logs.,RAG_FINANCIAL_MEMORY
What repeating financial mistakes do I make based on my history in November?,RAG_FINANCIAL_MEMORY
Analyze my historical balance history for NBP.,RAG_FINANCIAL_MEMORY
Compare my NBP balances between November and April.,RAG_FINANCIAL_MEMORY
Show me my long-term transaction patterns for travel.,RAG_FINANCIAL_MEMORY
What were my core financial highlights in September?,RAG_FINANCIAL_MEMORY
What were my core financial highlights in January?,RAG_FINANCIAL_MEMORY
Compare my performance in Easypaisa from last month to this month.,RAG_FINANCIAL_MEMORY
Compare my Meezan balances between January and February.,RAG_FINANCIAL_MEMORY
Give me the narrative summary of my transactions from March.,RAG_FINANCIAL_MEMORY
Summarize my financial health in February based on past logs.,RAG_FINANCIAL_MEMORY
Summarize my budget trends for groceries over the last three months.,RAG_FINANCIAL_MEMORY
Compare my SCB balances between July and April.,RAG_FINANCIAL_MEMORY
Compare my performance in HBL from last month to this month.,RAG_FINANCIAL_MEMORY
Analyze my historical balance history for HBL.,RAG_FINANCIAL_MEMORY
Give me the narrative summary of my transactions from May.,RAG_FINANCIAL_MEMORY
Show me my long-term transaction patterns for fuel.,RAG_FINANCIAL_MEMORY
Compare my JazzCash balances between August and April.,RAG_FINANCIAL_MEMORY
Show me the comparison report for April and June.,RAG_FINANCIAL_MEMORY
Show me the comparison report for July and November.,RAG_FINANCIAL_MEMORY
Show my previous reports when I was in deficit during October.,RAG_FINANCIAL_MEMORY
Show me the comparison report for June and September.,RAG_FINANCIAL_MEMORY
How did my spending change between May and September?,RAG_FINANCIAL_MEMORY
How consistent is my savings rate historically since October?,RAG_FINANCIAL_MEMORY
Show me the comparison report for August and November.,RAG_FINANCIAL_MEMORY
Retrieve historical insights tagged with high savings for December.,RAG_FINANCIAL_MEMORY
Retrieve historical insights tagged with high savings for September.,RAG_FINANCIAL_MEMORY
What patterns do you notice in my historical summaries for groceries?,RAG_FINANCIAL_MEMORY
How did my spending change between April and September?,RAG_FINANCIAL_MEMORY
How did my spending change between January and September?,RAG_FINANCIAL_MEMORY
How did my spending change between September and May?,RAG_FINANCIAL_MEMORY
What repeating financial mistakes do I make based on my history in February?,RAG_FINANCIAL_MEMORY
Analyze my historical balance history for SCB.,RAG_FINANCIAL_MEMORY
Show me the comparison report for July and February.,RAG_FINANCIAL_MEMORY
What were my core financial highlights in April?,RAG_FINANCIAL_MEMORY
What patterns do you notice in my historical summaries for fuel?,RAG_FINANCIAL_MEMORY
Compare my JazzCash balances between August and January.,RAG_FINANCIAL_MEMORY
Compare my SCB balances between October and November.,RAG_FINANCIAL_MEMORY
How did my spending change between April and October?,RAG_FINANCIAL_MEMORY
Compare my performance in Alfalah from last month to this month.,RAG_FINANCIAL_MEMORY
How did my spending change between November and May?,RAG_FINANCIAL_MEMORY
What patterns do you notice in my historical summaries for utilities?,RAG_FINANCIAL_MEMORY
Summarize my financial health in May based on past logs.,RAG_FINANCIAL_MEMORY
Give me the narrative summary of my transactions from August.,RAG_FINANCIAL_MEMORY
What repeating financial mistakes do I make based on my history in January?,RAG_FINANCIAL_MEMORY
Give me the latest generated insight on my utilities habits.,RAG_FINANCIAL_MEMORY
What observations did you write down in my March summary?,RAG_FINANCIAL_MEMORY
Do you see a trend in my entertainment spending?,RAG_FINANCIAL_MEMORY
How did my spending change between July and June?,RAG_FINANCIAL_MEMORY
What was my biggest spending category in previous months like June?,RAG_FINANCIAL_MEMORY
Did I spend more on utilities in March compared to July?,RAG_FINANCIAL_MEMORY
Compare my NBP balances between January and August.,RAG_FINANCIAL_MEMORY
What was my biggest spending category in previous months like December?,RAG_FINANCIAL_MEMORY
Compare my SCB balances between September and July.,RAG_FINANCIAL_MEMORY
Compare my Alfalah balances between October and November.,RAG_FINANCIAL_MEMORY
Did I spend more on food in July compared to February?,RAG_FINANCIAL_MEMORY
Summarize my budget trends for dining out over the last three months.,RAG_FINANCIAL_MEMORY
What were my core financial highlights in December?,RAG_FINANCIAL_MEMORY
What observations did you write down in my February summary?,RAG_FINANCIAL_MEMORY
How did my spending change between June and November?,RAG_FINANCIAL_MEMORY
Show me my long-term transaction patterns for dining out.,RAG_FINANCIAL_MEMORY
Did I spend more on rent in September compared to July?,RAG_FINANCIAL_MEMORY
How did my spending change between December and October?,RAG_FINANCIAL_MEMORY
Show my previous reports when I was in deficit during August.,RAG_FINANCIAL_MEMORY
Analyze my historical balance history for Easypaisa.,RAG_FINANCIAL_MEMORY
Did I spend more on food in February compared to April?,RAG_FINANCIAL_MEMORY
Retrieve historical insights tagged with high savings for August.,RAG_FINANCIAL_MEMORY
What observations did you write down in my May summary?,RAG_FINANCIAL_MEMORY
Retrieve historical insights tagged with high savings for February.,RAG_FINANCIAL_MEMORY
Do you see a trend in my rent spending?,RAG_FINANCIAL_MEMORY
Do you see a trend in my travel spending?,RAG_FINANCIAL_MEMORY
Give me the latest generated insight on my groceries habits.,RAG_FINANCIAL_MEMORY
Show me my long-term transaction patterns for utilities.,RAG_FINANCIAL_MEMORY
What patterns do you notice in my historical summaries for shopping?,RAG_FINANCIAL_MEMORY
Give me the narrative summary of my transactions from April.,RAG_FINANCIAL_MEMORY
Did I spend more on shopping in September compared to October?,RAG_FINANCIAL_MEMORY
How did my spending change between February and March?,RAG_FINANCIAL_MEMORY
Show me the comparison report for February and November.,RAG_FINANCIAL_MEMORY
Summarize my financial health in November based on past logs.,RAG_FINANCIAL_MEMORY
How did my spending change between April and August?,RAG_FINANCIAL_MEMORY
How did my spending change between December and June?,RAG_FINANCIAL_MEMORY
What repeating financial mistakes do I make based on my history in June?,RAG_FINANCIAL_MEMORY
Give me the narrative summary of my transactions from October.,RAG_FINANCIAL_MEMORY
Summarize my budget trends for utilities over the last three months.,RAG_FINANCIAL_MEMORY
Compare my HBL balances between November and March.,RAG_FINANCIAL_MEMORY
Show me the comparison report for February and May.,RAG_FINANCIAL_MEMORY
What were my core financial highlights in November?,RAG_FINANCIAL_MEMORY
Give me the narrative summary of my transactions from December.,RAG_FINANCIAL_MEMORY
Retrieve historical insights tagged with high savings for June.,RAG_FINANCIAL_MEMORY
How did my spending change between June and July?,RAG_FINANCIAL_MEMORY
Show me the comparison report for December and October.,RAG_FINANCIAL_MEMORY
What observations did you write down in my October summary?,RAG_FINANCIAL_MEMORY
How consistent is my savings rate historically since March?,RAG_FINANCIAL_MEMORY
Summarize my budget trends for rent over the last three months.,RAG_FINANCIAL_MEMORY
Did I spend more on travel in May compared to February?,RAG_FINANCIAL_MEMORY
Did I spend more on groceries in February compared to September?,RAG_FINANCIAL_MEMORY
When will my cash run out if I keep spending 5000 PKR on rent?,FINANCIAL_PLANNING
"If I save 25000 PKR every month in NBP, what is my net worth in 3 years?",FINANCIAL_PLANNING
Suggest a roadmap to clear my current liabilities of 1500 PKR.,FINANCIAL_PLANNING
Suggest a roadmap to clear my current liabilities of 25000 PKR.,FINANCIAL_PLANNING
Create an investment plan for my current savings of 100000 PKR.,FINANCIAL_PLANNING
When will my cash run out if I keep spending 25000 PKR on fuel?,FINANCIAL_PLANNING
Can I afford to buy a car in 1500 months if I save in Meezan?,FINANCIAL_PLANNING
Suggest a roadmap to clear my current liabilities of 100000 PKR.,FINANCIAL_PLANNING
How much should I save monthly to reach my 25000 PKR goal for dining out?,FINANCIAL_PLANNING
Simulate a scenario where I lose my primary income source in November.,FINANCIAL_PLANNING
What happens to my net worth if I increase my savings by 1500 PKR?,FINANCIAL_PLANNING
Simulate a scenario where I lose my primary income source in August.,FINANCIAL_PLANNING
How should I structure my emergency fund target of 1500 PKR?,FINANCIAL_PLANNING
Analyze my long-term runway and cash projection based on entertainment.,FINANCIAL_PLANNING
What is the best way to distribute my extra savings of 5000 PKR?,FINANCIAL_PLANNING
"If I save 100000 PKR every month in Alfalah, what is my net worth in 3 years?",FINANCIAL_PLANNING
Calculate if I can retire early with my current assets in HBL.,FINANCIAL_PLANNING
What happens to my net worth if I increase my savings by 500 PKR?,FINANCIAL_PLANNING
Suggest budget modifications for utilities to increase my savings runway.,FINANCIAL_PLANNING
Create an investment plan for my current savings of 10000 PKR.,FINANCIAL_PLANNING
Suggest a roadmap to clear my current liabilities of 500 PKR.,FINANCIAL_PLANNING
Analyze my long-term runway and cash projection based on rent.,FINANCIAL_PLANNING
When will my cash run out if I keep spending 100000 PKR on travel?,FINANCIAL_PLANNING
How much should I save monthly to reach my 25000 PKR goal for food?,FINANCIAL_PLANNING
How much should I save monthly to reach my 1500 PKR goal for entertainment?,FINANCIAL_PLANNING
Suggest an asset allocation plan for my HBL savings.,FINANCIAL_PLANNING
Create a 5-year roadmap for my financial independence with UBL.,FINANCIAL_PLANNING
When will my cash run out if I keep spending 1500 PKR on utilities?,FINANCIAL_PLANNING
Can I afford a house deposit of 25000 PKR next year?,FINANCIAL_PLANNING
How should I structure my emergency fund target of 10000 PKR?,FINANCIAL_PLANNING
Suggest budget modifications for fuel to increase my savings runway.,FINANCIAL_PLANNING
"If I save 10000 PKR every month in NBP, what is my net worth in 3 years?",FINANCIAL_PLANNING
Create an investment plan for my current savings of 5000 PKR.,FINANCIAL_PLANNING
Can I afford to buy a car in 100000 months if I save in NBP?,FINANCIAL_PLANNING
Suggest a roadmap to clear my current liabilities of 5000 PKR.,FINANCIAL_PLANNING
Simulate a scenario where I lose my primary income source in April.,FINANCIAL_PLANNING
Suggest an asset allocation plan for my SCB savings.,FINANCIAL_PLANNING
"If I save 25000 PKR every month in JazzCash, what is my net worth in 3 years?",FINANCIAL_PLANNING
Calculate if I can retire early with my current assets in NBP.,FINANCIAL_PLANNING
Can I afford to buy a car in 1500 months if I save in Alfalah?,FINANCIAL_PLANNING
How much do I need to invest monthly to gain a 500 PKR return?,FINANCIAL_PLANNING
Suggest an asset allocation plan for my JazzCash savings.,FINANCIAL_PLANNING
Create an investment plan for my current savings of 1500 PKR.,FINANCIAL_PLANNING
"If I save 500 PKR every month in SCB, what is my net worth in 3 years?",FINANCIAL_PLANNING
Analyze my long-term runway and cash projection based on travel.,FINANCIAL_PLANNING
Create a 5-year roadmap for my financial independence with Meezan.,FINANCIAL_PLANNING
Create a 5-year roadmap for my financial independence with HBL.,FINANCIAL_PLANNING
Can I afford to buy a car in 1500 months if I save in SCB?,FINANCIAL_PLANNING
How much should I save monthly to reach my 1500 PKR goal for travel?,FINANCIAL_PLANNING
How much should I save monthly to reach my 100000 PKR goal for shopping?,FINANCIAL_PLANNING
How should I structure my emergency fund target of 100000 PKR?,FINANCIAL_PLANNING
Simulate a scenario where I lose my primary income source in July.,FINANCIAL_PLANNING
How much do I need to invest monthly to gain a 10000 PKR return?,FINANCIAL_PLANNING
What is the best way to distribute my extra savings of 500 PKR?,FINANCIAL_PLANNING
Suggest an asset allocation plan for my Easypaisa savings.,FINANCIAL_PLANNING
Create a 5-year roadmap for my financial independence with JazzCash.,FINANCIAL_PLANNING
How much should I save monthly to reach my 5000 PKR goal for groceries?,FINANCIAL_PLANNING
How should I structure my emergency fund target of 50000 PKR?,FINANCIAL_PLANNING
Analyze my long-term runway and cash projection based on dining out.,FINANCIAL_PLANNING
How much should I save monthly to reach my 5000 PKR goal for rent?,FINANCIAL_PLANNING
How much do I need to invest monthly to gain a 100000 PKR return?,FINANCIAL_PLANNING
Simulate a scenario where I lose my primary income source in June.,FINANCIAL_PLANNING
Can I afford to buy a car in 1500 months if I save in Easypaisa?,FINANCIAL_PLANNING
"If I save 100000 PKR every month in UBL, what is my net worth in 3 years?",FINANCIAL_PLANNING
Can I afford to buy a car in 100000 months if I save in UBL?,FINANCIAL_PLANNING
How much do I need to invest monthly to gain a 25000 PKR return?,FINANCIAL_PLANNING
How much should I save monthly to reach my 10000 PKR goal for dining out?,FINANCIAL_PLANNING
Suggest budget modifications for food to increase my savings runway.,FINANCIAL_PLANNING
Create a 5-year roadmap for my financial independence with Alfalah.,FINANCIAL_PLANNING
Can I afford to buy a car in 10000 months if I save in Easypaisa?,FINANCIAL_PLANNING
What happens to my net worth if I increase my savings by 100000 PKR?,FINANCIAL_PLANNING
How much should I save monthly to reach my 500 PKR goal for dining out?,FINANCIAL_PLANNING
Suggest an asset allocation plan for my Meezan savings.,FINANCIAL_PLANNING
Can I afford a house deposit of 5000 PKR next year?,FINANCIAL_PLANNING
What happens to my net worth if I increase my savings by 25000 PKR?,FINANCIAL_PLANNING
Suggest an asset allocation plan for my Alfalah savings.,FINANCIAL_PLANNING
How much do I need to invest monthly to gain a 5000 PKR return?,FINANCIAL_PLANNING
Calculate if I can retire early with my current assets in Meezan.,FINANCIAL_PLANNING
What is the best way to distribute my extra savings of 100000 PKR?,FINANCIAL_PLANNING
When will my cash run out if I keep spending 100000 PKR on shopping?,FINANCIAL_PLANNING
"If I save 100000 PKR every month in HBL, what is my net worth in 3 years?",FINANCIAL_PLANNING
How much should I save monthly to reach my 5000 PKR goal for entertainment?,FINANCIAL_PLANNING
When will my cash run out if I keep spending 5000 PKR on shopping?,FINANCIAL_PLANNING
"If I save 5000 PKR every month in JazzCash, what is my net worth in 3 years?",FINANCIAL_PLANNING
How much should I save monthly to reach my 5000 PKR goal for fuel?,FINANCIAL_PLANNING
Suggest a roadmap to clear my current liabilities of 50000 PKR.,FINANCIAL_PLANNING
What happens to my net worth if I increase my savings by 50000 PKR?,FINANCIAL_PLANNING
How should I structure my emergency fund target of 25000 PKR?,FINANCIAL_PLANNING
Simulate a scenario where I lose my primary income source in May.,FINANCIAL_PLANNING
When will my cash run out if I keep spending 10000 PKR on dining out?,FINANCIAL_PLANNING
Simulate a scenario where I lose my primary income source in September.,FINANCIAL_PLANNING
"If I save 25000 PKR every month in Meezan, what is my net worth in 3 years?",FINANCIAL_PLANNING
Calculate if I can retire early with my current assets in JazzCash.,FINANCIAL_PLANNING
Can I afford to buy a car in 25000 months if I save in Alfalah?,FINANCIAL_PLANNING
How much should I save monthly to reach my 1500 PKR goal for rent?,FINANCIAL_PLANNING
Calculate if I can retire early with my current assets in SCB.,FINANCIAL_PLANNING
Calculate if I can retire early with my current assets in Easypaisa.,FINANCIAL_PLANNING
Simulate a scenario where I lose my primary income source in January.,FINANCIAL_PLANNING
What is the best way to distribute my extra savings of 1500 PKR?,FINANCIAL_PLANNING
Can I afford to buy a car in 500 months if I save in NBP?,FINANCIAL_PLANNING
Can I afford a house deposit of 10000 PKR next year?,FINANCIAL_PLANNING
When will my cash run out if I keep spending 50000 PKR on groceries?,FINANCIAL_PLANNING
Suggest budget modifications for groceries to increase my savings runway.,FINANCIAL_PLANNING
Can I afford to buy a car in 5000 months if I save in Meezan?,FINANCIAL_PLANNING
What happens to my net worth if I increase my savings by 5000 PKR?,FINANCIAL_PLANNING
Create an investment plan for my current savings of 25000 PKR.,FINANCIAL_PLANNING
Can I afford to buy a car in 10000 months if I save in Meezan?,FINANCIAL_PLANNING
Can I afford to buy a car in 25000 months if I save in HBL?,FINANCIAL_PLANNING
Create an investment plan for my current savings of 500 PKR.,FINANCIAL_PLANNING
Simulate a scenario where I lose my primary income source in December.,FINANCIAL_PLANNING
Analyze my long-term runway and cash projection based on utilities.,FINANCIAL_PLANNING
Create a 5-year roadmap for my financial independence with NBP.,FINANCIAL_PLANNING
How much should I save monthly to reach my 500 PKR goal for entertainment?,FINANCIAL_PLANNING
Suggest a roadmap to clear my current liabilities of 10000 PKR.,FINANCIAL_PLANNING
Can I afford to buy a car in 500 months if I save in JazzCash?,FINANCIAL_PLANNING
"If I save 100000 PKR every month in SCB, what is my net worth in 3 years?",FINANCIAL_PLANNING
Analyze my long-term runway and cash projection based on groceries.,FINANCIAL_PLANNING
Create a 5-year roadmap for my financial independence with SCB.,FINANCIAL_PLANNING
Analyze my long-term runway and cash projection based on shopping.,FINANCIAL_PLANNING
What happens to my net worth if I increase my savings by 10000 PKR?,FINANCIAL_PLANNING
How much should I save monthly to reach my 10000 PKR goal for shopping?,FINANCIAL_PLANNING
When will my cash run out if I keep spending 50000 PKR on travel?,FINANCIAL_PLANNING
Can I afford to buy a car in 100000 months if I save in Alfalah?,FINANCIAL_PLANNING
How much do I need to invest monthly to gain a 50000 PKR return?,FINANCIAL_PLANNING
"If I save 100000 PKR every month in Meezan, what is my net worth in 3 years?",FINANCIAL_PLANNING
"If I save 50000 PKR every month in Easypaisa, what is my net worth in 3 years?",FINANCIAL_PLANNING
How much do I need to invest monthly to gain a 1500 PKR return?,FINANCIAL_PLANNING
When will my cash run out if I keep spending 1500 PKR on fuel?,FINANCIAL_PLANNING
Can I afford a house deposit of 500 PKR next year?,FINANCIAL_PLANNING
Can I afford to buy a car in 25000 months if I save in UBL?,FINANCIAL_PLANNING
Suggest an asset allocation plan for my NBP savings.,FINANCIAL_PLANNING
"If I save 50000 PKR every month in JazzCash, what is my net worth in 3 years?",FINANCIAL_PLANNING
Can I afford a house deposit of 100000 PKR next year?,FINANCIAL_PLANNING
Can I afford to buy a car in 5000 months if I save in NBP?,FINANCIAL_PLANNING
Create an investment plan for my current savings of 50000 PKR.,FINANCIAL_PLANNING
When will my cash run out if I keep spending 100000 PKR on utilities?,FINANCIAL_PLANNING
Create a 5-year roadmap for my financial independence with Easypaisa.,FINANCIAL_PLANNING
How should I structure my emergency fund target of 500 PKR?,FINANCIAL_PLANNING
Can I afford to buy a car in 100000 months if I save in Meezan?,FINANCIAL_PLANNING
Calculate if I can retire early with my current assets in Alfalah.,FINANCIAL_PLANNING
When will my cash run out if I keep spending 100000 PKR on food?,FINANCIAL_PLANNING
Can I afford a house deposit of 50000 PKR next year?,FINANCIAL_PLANNING
What is the best way to distribute my extra savings of 50000 PKR?,FINANCIAL_PLANNING
How much should I save monthly to reach my 500 PKR goal for utilities?,FINANCIAL_PLANNING
How much should I save monthly to reach my 25000 PKR goal for utilities?,FINANCIAL_PLANNING
How much should I save monthly to reach my 100000 PKR goal for food?,FINANCIAL_PLANNING
"If I save 1500 PKR every month in UBL, what is my net worth in 3 years?",FINANCIAL_PLANNING
How much should I save monthly to reach my 5000 PKR goal for utilities?,FINANCIAL_PLANNING
How much should I save monthly to reach my 1500 PKR goal for shopping?,FINANCIAL_PLANNING
How much should I save monthly to reach my 100000 PKR goal for entertainment?,FINANCIAL_PLANNING
When will my cash run out if I keep spending 5000 PKR on food?,FINANCIAL_PLANNING
When will my cash run out if I keep spending 500 PKR on dining out?,FINANCIAL_PLANNING
Suggest budget modifications for entertainment to increase my savings runway.,FINANCIAL_PLANNING
How should I structure my emergency fund target of 5000 PKR?,FINANCIAL_PLANNING
How much should I save monthly to reach my 25000 PKR goal for fuel?,FINANCIAL_PLANNING
Suggest budget modifications for travel to increase my savings runway.,FINANCIAL_PLANNING
"If I save 25000 PKR every month in Easypaisa, what is my net worth in 3 years?",FINANCIAL_PLANNING
What is the best way to distribute my extra savings of 25000 PKR?,FINANCIAL_PLANNING
"If I save 500 PKR every month in JazzCash, what is my net worth in 3 years?",FINANCIAL_PLANNING
Suggest budget modifications for dining out to increase my savings runway.,FINANCIAL_PLANNING
Can I afford to buy a car in 1500 months if I save in UBL?,FINANCIAL_PLANNING
Can I afford to buy a car in 50000 months if I save in UBL?,FINANCIAL_PLANNING
Can I afford to buy a car in 5000 months if I save in Alfalah?,FINANCIAL_PLANNING
How much should I save monthly to reach my 5000 PKR goal for travel?,FINANCIAL_PLANNING
"If I save 5000 PKR every month in Meezan, what is my net worth in 3 years?",FINANCIAL_PLANNING
When will my cash run out if I keep spending 10000 PKR on groceries?,FINANCIAL_PLANNING
Calculate if I can retire early with my current assets in UBL.,FINANCIAL_PLANNING
Suggest budget modifications for rent to increase my savings runway.,FINANCIAL_PLANNING
Can I afford to buy a car in 25000 months if I save in SCB?,FINANCIAL_PLANNING
When will my cash run out if I keep spending 10000 PKR on travel?,FINANCIAL_PLANNING
"If I save 5000 PKR every month in UBL, what is my net worth in 3 years?",FINANCIAL_PLANNING
Suggest budget modifications for shopping to increase my savings runway.,FINANCIAL_PLANNING
Suggest an asset allocation plan for my UBL savings.,FINANCIAL_PLANNING
Can I afford a house deposit of 1500 PKR next year?,FINANCIAL_PLANNING
How much should I save monthly to reach my 10000 PKR goal for travel?,FINANCIAL_PLANNING
When will my cash run out if I keep spending 10000 PKR on fuel?,FINANCIAL_PLANNING
How much should I save monthly to reach my 1500 PKR goal for utilities?,FINANCIAL_PLANNING
How much should I save monthly to reach my 100000 PKR goal for groceries?,FINANCIAL_PLANNING
Can I afford to buy a car in 1500 months if I save in NBP?,FINANCIAL_PLANNING
When will my cash run out if I keep spending 10000 PKR on utilities?,FINANCIAL_PLANNING
"If I save 500 PKR every month in Alfalah, what is my net worth in 3 years?",FINANCIAL_PLANNING
When will my cash run out if I keep spending 500 PKR on travel?,FINANCIAL_PLANNING
How much should I save monthly to reach my 50000 PKR goal for rent?,FINANCIAL_PLANNING
Simulate a scenario where I lose my primary income source in October.,FINANCIAL_PLANNING
How much should I save monthly to reach my 500 PKR goal for shopping?,FINANCIAL_PLANNING
How much should I save monthly to reach my 1500 PKR goal for food?,FINANCIAL_PLANNING
What is the best way to distribute my extra savings of 10000 PKR?,FINANCIAL_PLANNING
"If I save 25000 PKR every month in Alfalah, what is my net worth in 3 years?",FINANCIAL_PLANNING
How much should I save monthly to reach my 50000 PKR goal for shopping?,FINANCIAL_PLANNING
When will my cash run out if I keep spending 10000 PKR on rent?,FINANCIAL_PLANNING
"If I save 1500 PKR every month in Easypaisa, what is my net worth in 3 years?",FINANCIAL_PLANNING
Can I afford to buy a car in 1500 months if I save in JazzCash?,FINANCIAL_PLANNING
When will my cash run out if I keep spending 1500 PKR on dining out?,FINANCIAL_PLANNING
"If I save 100000 PKR every month in Easypaisa, what is my net worth in 3 years?",FINANCIAL_PLANNING
"If I save 50000 PKR every month in SCB, what is my net worth in 3 years?",FINANCIAL_PLANNING
Simulate a scenario where I lose my primary income source in March.,FINANCIAL_PLANNING
Can I afford to buy a car in 500 months if I save in Easypaisa?,FINANCIAL_PLANNING
"If I save 1500 PKR every month in NBP, what is my net worth in 3 years?",FINANCIAL_PLANNING
When will my cash run out if I keep spending 500 PKR on utilities?,FINANCIAL_PLANNING
How much should I save monthly to reach my 5000 PKR goal for dining out?,FINANCIAL_PLANNING
"If my HBL balance is 100000 PKR, can I allocate 50% to my retirement goal?",HYBRID
"If my UBL balance is 5000 PKR, can I allocate 50% to my retirement goal?",HYBRID
"Looking at my last statement from SCB and goals, am I ready to invest 1500 PKR?",HYBRID
"Based on my budget remaining, can I afford a 10000 PKR travel plan?",HYBRID
"Based on my budget remaining, can I afford a 1500 PKR travel plan?",HYBRID
"If my UBL balance is 10000 PKR, can I allocate 50% to my retirement goal?",HYBRID
Compare my current cash reserves in SCB against my 6-month budget projection.,HYBRID
Compare my current cash reserves in Alfalah against my 6-month budget projection.,HYBRID
"If my JazzCash balance is 500 PKR, can I allocate 50% to my retirement goal?",HYBRID
"Based on my current balances and goals, can I invest 5000 PKR?",HYBRID
"Looking at my last statement from UBL and goals, am I ready to invest 25000 PKR?",HYBRID
"Considering my recurring expenses for travel, can I safely save 500 PKR monthly?",HYBRID
Am I on track to meet my investment ROI goals based on my entertainment transactions?,HYBRID
Will my current rent budget allow me to double my savings goal target?,HYBRID
Will my current shopping budget allow me to double my savings goal target?,HYBRID
"Based on my budget remaining, can I afford a 50000 PKR travel plan?",HYBRID
"Looking at my last statement from Easypaisa and goals, am I ready to invest 100000 PKR?",HYBRID
"Looking at my last statement from HBL and goals, am I ready to invest 1500 PKR?",HYBRID
Check if my recent transactions for groceries match my savings goal roadmap.,HYBRID
Am I on track to meet my investment ROI goals based on my travel transactions?,HYBRID
"Based on my budget remaining, can I afford a 500 PKR travel plan?",HYBRID
Am I on track to meet my investment ROI goals based on my rent transactions?,HYBRID
"If my Alfalah balance is 1500 PKR, can I allocate 50% to my retirement goal?",HYBRID
Am I on track to meet my investment ROI goals based on my shopping transactions?,HYBRID
Will my current entertainment budget allow me to double my savings goal target?,HYBRID
Am I on track to meet my investment ROI goals based on my dining out transactions?,HYBRID
"If my SCB balance is 25000 PKR, can I allocate 50% to my retirement goal?",HYBRID
"Looking at my last statement from Meezan and goals, am I ready to invest 50000 PKR?",HYBRID
"Looking at my last statement from Meezan and goals, am I ready to invest 500 PKR?",HYBRID
Compare my current cash reserves in HBL against my 6-month budget projection.,HYBRID
"Based on my current balances and goals, can I invest 10000 PKR?",HYBRID
Check if my recent transactions for fuel match my savings goal roadmap.,HYBRID
Check if my recent transactions for travel match my savings goal roadmap.,HYBRID
Will my current food budget allow me to double my savings goal target?,HYBRID
"Based on my budget remaining, can I afford a 5000 PKR travel plan?",HYBRID
"With my active JazzCash accounts and projected spend, when can I buy a house?",HYBRID
"If my JazzCash balance is 10000 PKR, can I allocate 50% to my retirement goal?",HYBRID
"If my NBP balance is 10000 PKR, can I allocate 50% to my retirement goal?",HYBRID
Will my current travel budget allow me to double my savings goal target?,HYBRID
"If my JazzCash balance is 25000 PKR, can I allocate 50% to my retirement goal?",HYBRID
Compare my current cash reserves in Easypaisa against my 6-month budget projection.,HYBRID
Compare my current cash reserves in UBL against my 6-month budget projection.,HYBRID
"With my active Alfalah accounts and projected spend, when can I buy a house?",HYBRID
"Looking at my last statement from UBL and goals, am I ready to invest 10000 PKR?",HYBRID
"If my UBL balance is 1500 PKR, can I allocate 50% to my retirement goal?",HYBRID
"Considering my recurring expenses for dining out, can I safely save 100000 PKR monthly?",HYBRID
"With my active Easypaisa accounts and projected spend, when can I buy a house?",HYBRID
Compare my current cash reserves in NBP against my 6-month budget projection.,HYBRID
Am I on track to meet my investment ROI goals based on my food transactions?,HYBRID
"Considering my recurring expenses for travel, can I safely save 100000 PKR monthly?",HYBRID
"Looking at my last statement from JazzCash and goals, am I ready to invest 50000 PKR?",HYBRID
"With my active SCB accounts and projected spend, when can I buy a house?",HYBRID
"Considering my recurring expenses for fuel, can I safely save 100000 PKR monthly?",HYBRID
"If my HBL balance is 500 PKR, can I allocate 50% to my retirement goal?",HYBRID
Check if my recent transactions for utilities match my savings goal roadmap.,HYBRID
Compare my current cash reserves in JazzCash against my 6-month budget projection.,HYBRID
"Looking at my last statement from UBL and goals, am I ready to invest 1500 PKR?",HYBRID
Check if my recent transactions for entertainment match my savings goal roadmap.,HYBRID
"Looking at my last statement from Easypaisa and goals, am I ready to invest 500 PKR?",HYBRID
"Looking at my last statement from NBP and goals, am I ready to invest 50000 PKR?",HYBRID
"Looking at my last statement from JazzCash and goals, am I ready to invest 500 PKR?",HYBRID
"Based on my budget remaining, can I afford a 100000 PKR travel plan?",HYBRID
"Based on my budget remaining, can I afford a 25000 PKR travel plan?",HYBRID
"Looking at my last statement from HBL and goals, am I ready to invest 10000 PKR?",HYBRID
"With my active Meezan accounts and projected spend, when can I buy a house?",HYBRID
"Based on my current balances and goals, can I invest 25000 PKR?",HYBRID
"Considering my recurring expenses for travel, can I safely save 5000 PKR monthly?",HYBRID
"Based on my current balances and goals, can I invest 50000 PKR?",HYBRID
"Considering my recurring expenses for groceries, can I safely save 500 PKR monthly?",HYBRID
Compare my current cash reserves in Meezan against my 6-month budget projection.,HYBRID
"Looking at my last statement from Meezan and goals, am I ready to invest 25000 PKR?",HYBRID
"Considering my recurring expenses for shopping, can I safely save 50000 PKR monthly?",HYBRID
"If my JazzCash balance is 100000 PKR, can I allocate 50% to my retirement goal?",HYBRID
"Considering my recurring expenses for shopping, can I safely save 100000 PKR monthly?",HYBRID
Check if my recent transactions for rent match my savings goal roadmap.,HYBRID
"Considering my recurring expenses for groceries, can I safely save 50000 PKR monthly?",HYBRID
Am I on track to meet my investment ROI goals based on my groceries transactions?,HYBRID
Am I on track to meet my investment ROI goals based on my fuel transactions?,HYBRID
"If my HBL balance is 25000 PKR, can I allocate 50% to my retirement goal?",HYBRID
"Considering my recurring expenses for travel, can I safely save 50000 PKR monthly?",HYBRID
Am I on track to meet my investment ROI goals based on my utilities transactions?,HYBRID
"Considering my recurring expenses for rent, can I safely save 10000 PKR monthly?",HYBRID
"If my JazzCash balance is 50000 PKR, can I allocate 50% to my retirement goal?",HYBRID
"With my active HBL accounts and projected spend, when can I buy a house?",HYBRID
Will my current fuel budget allow me to double my savings goal target?,HYBRID
"Considering my recurring expenses for food, can I safely save 100000 PKR monthly?",HYBRID
"Looking at my last statement from Meezan and goals, am I ready to invest 5000 PKR?",HYBRID
Will my current utilities budget allow me to double my savings goal target?,HYBRID
"Considering my recurring expenses for shopping, can I safely save 10000 PKR monthly?",HYBRID
"Looking at my last statement from SCB and goals, am I ready to invest 50000 PKR?",HYBRID
"Considering my recurring expenses for shopping, can I safely save 500 PKR monthly?",HYBRID
Check if my recent transactions for dining out match my savings goal roadmap.,HYBRID
"With my active UBL accounts and projected spend, when can I buy a house?",HYBRID
"Looking at my last statement from HBL and goals, am I ready to invest 25000 PKR?",HYBRID
"If my Easypaisa balance is 10000 PKR, can I allocate 50% to my retirement goal?",HYBRID
Check if my recent transactions for shopping match my savings goal roadmap.,HYBRID
"Considering my recurring expenses for food, can I safely save 1500 PKR monthly?",HYBRID
"If my Easypaisa balance is 500 PKR, can I allocate 50% to my retirement goal?",HYBRID
"Looking at my last statement from UBL and goals, am I ready to invest 100000 PKR?",HYBRID
"Based on my current balances and goals, can I invest 1500 PKR?",HYBRID
"Considering my recurring expenses for entertainment, can I safely save 50000 PKR monthly?",HYBRID
"If my HBL balance is 10000 PKR, can I allocate 50% to my retirement goal?",HYBRID
Will my current dining out budget allow me to double my savings goal target?,HYBRID
"If my Alfalah balance is 5000 PKR, can I allocate 50% to my retirement goal?",HYBRID
"Considering my recurring expenses for fuel, can I safely save 10000 PKR monthly?",HYBRID
"Looking at my last statement from NBP and goals, am I ready to invest 1500 PKR?",HYBRID
"Considering my recurring expenses for entertainment, can I safely save 500 PKR monthly?",HYBRID
"Considering my recurring expenses for food, can I safely save 25000 PKR monthly?",HYBRID
"Considering my recurring expenses for utilities, can I safely save 10000 PKR monthly?",HYBRID
"Considering my recurring expenses for fuel, can I safely save 1500 PKR monthly?",HYBRID
"Based on my current balances and goals, can I invest 500 PKR?",HYBRID
"Looking at my last statement from SCB and goals, am I ready to invest 100000 PKR?",HYBRID
"Based on my current balances and goals, can I invest 100000 PKR?",HYBRID
"Considering my recurring expenses for dining out, can I safely save 5000 PKR monthly?",HYBRID
"If my Easypaisa balance is 1500 PKR, can I allocate 50% to my retirement goal?",HYBRID
"Considering my recurring expenses for rent, can I safely save 5000 PKR monthly?",HYBRID
"Looking at my last statement from Easypaisa and goals, am I ready to invest 5000 PKR?",HYBRID
"Looking at my last statement from SCB and goals, am I ready to invest 10000 PKR?",HYBRID
"Considering my recurring expenses for shopping, can I safely save 5000 PKR monthly?",HYBRID
"Looking at my last statement from Meezan and goals, am I ready to invest 100000 PKR?",HYBRID
"Looking at my last statement from JazzCash and goals, am I ready to invest 25000 PKR?",HYBRID
"Looking at my last statement from Easypaisa and goals, am I ready to invest 1500 PKR?",HYBRID
"If my SCB balance is 1500 PKR, can I allocate 50% to my retirement goal?",HYBRID
"If my Easypaisa balance is 50000 PKR, can I allocate 50% to my retirement goal?",HYBRID
"If my SCB balance is 500 PKR, can I allocate 50% to my retirement goal?",HYBRID
"Considering my recurring expenses for dining out, can I safely save 50000 PKR monthly?",HYBRID
"If my Meezan balance is 5000 PKR, can I allocate 50% to my retirement goal?",HYBRID
"With my active NBP accounts and projected spend, when can I buy a house?",HYBRID
"If my UBL balance is 500 PKR, can I allocate 50% to my retirement goal?",HYBRID
"Looking at my last statement from NBP and goals, am I ready to invest 25000 PKR?",HYBRID
"Looking at my last statement from Alfalah and goals, am I ready to invest 10000 PKR?",HYBRID
"If my SCB balance is 100000 PKR, can I allocate 50% to my retirement goal?",HYBRID
"Considering my recurring expenses for fuel, can I safely save 50000 PKR monthly?",HYBRID
"If my NBP balance is 1500 PKR, can I allocate 50% to my retirement goal?",HYBRID
"If my Meezan balance is 1500 PKR, can I allocate 50% to my retirement goal?",HYBRID
"Looking at my last statement from UBL and goals, am I ready to invest 500 PKR?",HYBRID
"Looking at my last statement from HBL and goals, am I ready to invest 100000 PKR?",HYBRID
"If my Meezan balance is 50000 PKR, can I allocate 50% to my retirement goal?",HYBRID
"If my HBL balance is 1500 PKR, can I allocate 50% to my retirement goal?",HYBRID
"Considering my recurring expenses for fuel, can I safely save 500 PKR monthly?",HYBRID
"If my NBP balance is 500 PKR, can I allocate 50% to my retirement goal?",HYBRID
"Considering my recurring expenses for utilities, can I safely save 25000 PKR monthly?",HYBRID
"Considering my recurring expenses for food, can I safely save 500 PKR monthly?",HYBRID
Check if my recent transactions for food match my savings goal roadmap.,HYBRID
"Considering my recurring expenses for food, can I safely save 50000 PKR monthly?",HYBRID
"Considering my recurring expenses for food, can I safely save 5000 PKR monthly?",HYBRID
"Looking at my last statement from JazzCash and goals, am I ready to invest 1500 PKR?",HYBRID
"Considering my recurring expenses for rent, can I safely save 1500 PKR monthly?",HYBRID
Will my current groceries budget allow me to double my savings goal target?,HYBRID
"Considering my recurring expenses for fuel, can I safely save 5000 PKR monthly?",HYBRID
"If my UBL balance is 100000 PKR, can I allocate 50% to my retirement goal?",HYBRID
"Looking at my last statement from Meezan and goals, am I ready to invest 1500 PKR?",HYBRID
"If my Easypaisa balance is 100000 PKR, can I allocate 50% to my retirement goal?",HYBRID
"Looking at my last statement from SCB and goals, am I ready to invest 500 PKR?",HYBRID
"Considering my recurring expenses for dining out, can I safely save 500 PKR monthly?",HYBRID
"Looking at my last statement from JazzCash and goals, am I ready to invest 10000 PKR?",HYBRID
"If my NBP balance is 50000 PKR, can I allocate 50% to my retirement goal?",HYBRID
"Looking at my last statement from NBP and goals, am I ready to invest 500 PKR?",HYBRID
"If my Alfalah balance is 500 PKR, can I allocate 50% to my retirement goal?",HYBRID
"Looking at my last statement from JazzCash and goals, am I ready to invest 100000 PKR?",HYBRID
"If my Meezan balance is 500 PKR, can I allocate 50% to my retirement goal?",HYBRID
"Considering my recurring expenses for groceries, can I safely save 1500 PKR monthly?",HYBRID
"Considering my recurring expenses for utilities, can I safely save 5000 PKR monthly?",HYBRID
"Considering my recurring expenses for entertainment, can I safely save 100000 PKR monthly?",HYBRID
"If my NBP balance is 100000 PKR, can I allocate 50% to my retirement goal?",HYBRID
"If my SCB balance is 5000 PKR, can I allocate 50% to my retirement goal?",HYBRID
"If my JazzCash balance is 5000 PKR, can I allocate 50% to my retirement goal?",HYBRID
"Considering my recurring expenses for shopping, can I safely save 1500 PKR monthly?",HYBRID
"If my Alfalah balance is 25000 PKR, can I allocate 50% to my retirement goal?",HYBRID
"Considering my recurring expenses for dining out, can I safely save 1500 PKR monthly?",HYBRID
"Considering my recurring expenses for dining out, can I safely save 25000 PKR monthly?",HYBRID
"Considering my recurring expenses for dining out, can I safely save 10000 PKR monthly?",HYBRID
"Considering my recurring expenses for groceries, can I safely save 5000 PKR monthly?",HYBRID
"Looking at my last statement from JazzCash and goals, am I ready to invest 5000 PKR?",HYBRID
"Considering my recurring expenses for food, can I safely save 10000 PKR monthly?",HYBRID
"Looking at my last statement from HBL and goals, am I ready to invest 500 PKR?",HYBRID
"If my Alfalah balance is 100000 PKR, can I allocate 50% to my retirement goal?",HYBRID
"Considering my recurring expenses for travel, can I safely save 25000 PKR monthly?",HYBRID
"Looking at my last statement from HBL and goals, am I ready to invest 50000 PKR?",HYBRID
"Considering my recurring expenses for entertainment, can I safely save 1500 PKR monthly?",HYBRID
"If my HBL balance is 50000 PKR, can I allocate 50% to my retirement goal?",HYBRID
"Considering my recurring expenses for travel, can I safely save 1500 PKR monthly?",HYBRID
"Looking at my last statement from UBL and goals, am I ready to invest 5000 PKR?",HYBRID
"Looking at my last statement from Alfalah and goals, am I ready to invest 5000 PKR?",HYBRID
"If my UBL balance is 25000 PKR, can I allocate 50% to my retirement goal?",HYBRID
"If my SCB balance is 50000 PKR, can I allocate 50% to my retirement goal?",HYBRID
"If my NBP balance is 25000 PKR, can I allocate 50% to my retirement goal?",HYBRID
"Considering my recurring expenses for rent, can I safely save 25000 PKR monthly?",HYBRID
"If my UBL balance is 50000 PKR, can I allocate 50% to my retirement goal?",HYBRID
"Looking at my last statement from Meezan and goals, am I ready to invest 10000 PKR?",HYBRID
"Considering my recurring expenses for fuel, can I safely save 25000 PKR monthly?",HYBRID
"Considering my recurring expenses for rent, can I safely save 50000 PKR monthly?",HYBRID
"If my Meezan balance is 10000 PKR, can I allocate 50% to my retirement goal?",HYBRID
"Looking at my last statement from SCB and goals, am I ready to invest 5000 PKR?",HYBRID
"Looking at my last statement from NBP and goals, am I ready to invest 5000 PKR?",HYBRID
"Considering my recurring expenses for shopping, can I safely save 25000 PKR monthly?",HYBRID
"Looking at my last statement from HBL and goals, am I ready to invest 5000 PKR?",HYBRID
"Looking at my last statement from Alfalah and goals, am I ready to invest 1500 PKR?",HYBRID
"Looking at my last statement from UBL and goals, am I ready to invest 50000 PKR?",HYBRID
"Looking at my last statement from NBP and goals, am I ready to invest 10000 PKR?",HYBRID
How does a UBL savings account compare to a fixed deposit?,GENERAL_FINANCIAL_KNOWLEDGE
What is a dividend yield on a Easypaisa stock?,GENERAL_FINANCIAL_KNOWLEDGE
What is an emergency fund and how many months of dining out spending should it cover?,GENERAL_FINANCIAL_KNOWLEDGE
What is capital gains tax on UBL investment profits?,GENERAL_FINANCIAL_KNOWLEDGE
What is liquidity in finance for groceries management?,GENERAL_FINANCIAL_KNOWLEDGE
What is the rule of 72 for Easypaisa investments?,GENERAL_FINANCIAL_KNOWLEDGE
How do index funds track the market compared to Easypaisa mutual funds?,GENERAL_FINANCIAL_KNOWLEDGE
How do I create a personal budget spreadsheet for food?,GENERAL_FINANCIAL_KNOWLEDGE
What does a financial planner do for entertainment budget optimization?,GENERAL_FINANCIAL_KNOWLEDGE
How do I allocate budget for food in general?,GENERAL_FINANCIAL_KNOWLEDGE
Explain diversification in UBL portfolios.,GENERAL_FINANCIAL_KNOWLEDGE
Explain value investing vs growth investing for shopping.,GENERAL_FINANCIAL_KNOWLEDGE
What is a treasury bill vs a SCB bond?,GENERAL_FINANCIAL_KNOWLEDGE
How do I allocate budget for groceries in general?,GENERAL_FINANCIAL_KNOWLEDGE
Explain the concept of compound interest for UBL accounts.,GENERAL_FINANCIAL_KNOWLEDGE
How do index funds track the market compared to UBL mutual funds?,GENERAL_FINANCIAL_KNOWLEDGE
What is dollar-cost averaging in a Meezan savings program?,GENERAL_FINANCIAL_KNOWLEDGE
What is the time value of money when budgeting for entertainment?,GENERAL_FINANCIAL_KNOWLEDGE
Explain the difference between simple and compound interest for Meezan deposits.,GENERAL_FINANCIAL_KNOWLEDGE
Explain the concept of net asset value (NAV) for SCB funds.,GENERAL_FINANCIAL_KNOWLEDGE
How do dividend-paying stocks work in a UBL account?,GENERAL_FINANCIAL_KNOWLEDGE
What is a certificate of deposit in SCB?,GENERAL_FINANCIAL_KNOWLEDGE
What are the common risks in fuel spending?,GENERAL_FINANCIAL_KNOWLEDGE
Explain diversification in Meezan portfolios.,GENERAL_FINANCIAL_KNOWLEDGE
What is the difference between bull and bear markets in SCB trading?,GENERAL_FINANCIAL_KNOWLEDGE
What is the difference between a mutual fund and an ETF on Easypaisa?,GENERAL_FINANCIAL_KNOWLEDGE
What is capital gains tax on HBL investment profits?,GENERAL_FINANCIAL_KNOWLEDGE
What are the common risks in groceries spending?,GENERAL_FINANCIAL_KNOWLEDGE
What is the time value of money when budgeting for shopping?,GENERAL_FINANCIAL_KNOWLEDGE
What is the time value of money when budgeting for fuel?,GENERAL_FINANCIAL_KNOWLEDGE
What is a bear market bounce in December?,GENERAL_FINANCIAL_KNOWLEDGE
What is liquidity in finance for rent management?,GENERAL_FINANCIAL_KNOWLEDGE
What is a treasury bill vs a HBL bond?,GENERAL_FINANCIAL_KNOWLEDGE
What is a treasury bill vs a Alfalah bond?,GENERAL_FINANCIAL_KNOWLEDGE
What is tax tax-loss harvesting in a JazzCash portfolio?,GENERAL_FINANCIAL_KNOWLEDGE
What is an index fund and how is it different from a UBL deposit?,GENERAL_FINANCIAL_KNOWLEDGE
What is capital gains tax on SCB investment profits?,GENERAL_FINANCIAL_KNOWLEDGE
How can I avoid credit card debt on my Meezan account?,GENERAL_FINANCIAL_KNOWLEDGE
What is compound interest on a UBL account?,GENERAL_FINANCIAL_KNOWLEDGE
What is a high yield savings account in HBL?,GENERAL_FINANCIAL_KNOWLEDGE
What is a bear market bounce in May?,GENERAL_FINANCIAL_KNOWLEDGE
How does credit score affect interest rates in Easypaisa?,GENERAL_FINANCIAL_KNOWLEDGE
Explain value investing vs growth investing for travel.,GENERAL_FINANCIAL_KNOWLEDGE
Explain liquid assets vs illiquid assets in UBL.,GENERAL_FINANCIAL_KNOWLEDGE
What is the difference between a mutual fund and an ETF on JazzCash?,GENERAL_FINANCIAL_KNOWLEDGE
How does a Alfalah savings account compare to a fixed deposit?,GENERAL_FINANCIAL_KNOWLEDGE
What is tax tax-loss harvesting in a Meezan portfolio?,GENERAL_FINANCIAL_KNOWLEDGE
Explain value investing vs growth investing for food.,GENERAL_FINANCIAL_KNOWLEDGE
What is a certificate of deposit in JazzCash?,GENERAL_FINANCIAL_KNOWLEDGE
What is liquidity in finance for travel management?,GENERAL_FINANCIAL_KNOWLEDGE
What is an emergency fund and how many months of rent spending should it cover?,GENERAL_FINANCIAL_KNOWLEDGE
What is inflation and how does it affect fuel savings?,GENERAL_FINANCIAL_KNOWLEDGE
What is an emergency fund and how many months of utilities spending should it cover?,GENERAL_FINANCIAL_KNOWLEDGE
What is the difference between bull and bear markets in NBP trading?,GENERAL_FINANCIAL_KNOWLEDGE
What is dollar-cost averaging in a SCB savings program?,GENERAL_FINANCIAL_KNOWLEDGE
Explain the difference between simple and compound interest for JazzCash deposits.,GENERAL_FINANCIAL_KNOWLEDGE
Explain the 50/30/20 budget rule for entertainment.,GENERAL_FINANCIAL_KNOWLEDGE
What is the time value of money when budgeting for rent?,GENERAL_FINANCIAL_KNOWLEDGE
What does a financial planner do for groceries budget optimization?,GENERAL_FINANCIAL_KNOWLEDGE
What is the difference between a mutual fund and an ETF on UBL?,GENERAL_FINANCIAL_KNOWLEDGE
How does credit card interest accumulate on a JazzCash card?,GENERAL_FINANCIAL_KNOWLEDGE
What is a good savings rate for rent as a young professional?,GENERAL_FINANCIAL_KNOWLEDGE
What is liquidity in finance for shopping management?,GENERAL_FINANCIAL_KNOWLEDGE
Explain liquid assets vs illiquid assets in JazzCash.,GENERAL_FINANCIAL_KNOWLEDGE
Explain the concept of net asset value (NAV) for JazzCash funds.,GENERAL_FINANCIAL_KNOWLEDGE
What is dollar-cost averaging in a UBL savings program?,GENERAL_FINANCIAL_KNOWLEDGE
What is an emergency fund and how many months of fuel spending should it cover?,GENERAL_FINANCIAL_KNOWLEDGE
What is a bear market bounce in January?,GENERAL_FINANCIAL_KNOWLEDGE
Explain the difference between simple and compound interest for UBL deposits.,GENERAL_FINANCIAL_KNOWLEDGE
Explain the concept of net asset value (NAV) for Alfalah funds.,GENERAL_FINANCIAL_KNOWLEDGE
What is liquidity in finance for utilities management?,GENERAL_FINANCIAL_KNOWLEDGE
How do I allocate budget for utilities in general?,GENERAL_FINANCIAL_KNOWLEDGE
What is the difference between bull and bear markets in Alfalah trading?,GENERAL_FINANCIAL_KNOWLEDGE
Explain value investing vs growth investing for groceries.,GENERAL_FINANCIAL_KNOWLEDGE
Explain the concept of compound interest for Alfalah accounts.,GENERAL_FINANCIAL_KNOWLEDGE
How do I allocate budget for fuel in general?,GENERAL_FINANCIAL_KNOWLEDGE
How does a NBP savings account compare to a fixed deposit?,GENERAL_FINANCIAL_KNOWLEDGE
Why is food budget planning important?,GENERAL_FINANCIAL_KNOWLEDGE
What is compound interest on a JazzCash account?,GENERAL_FINANCIAL_KNOWLEDGE
What is tax tax-loss harvesting in a SCB portfolio?,GENERAL_FINANCIAL_KNOWLEDGE
What is asset allocation for a Alfalah portfolio?,GENERAL_FINANCIAL_KNOWLEDGE
What is a certificate of deposit in Easypaisa?,GENERAL_FINANCIAL_KNOWLEDGE
How can I avoid credit card debt on my Alfalah account?,GENERAL_FINANCIAL_KNOWLEDGE
How does credit card interest accumulate on a HBL card?,GENERAL_FINANCIAL_KNOWLEDGE
What is the difference between bull and bear markets in Meezan trading?,GENERAL_FINANCIAL_KNOWLEDGE
What is tax tax-loss harvesting in a NBP portfolio?,GENERAL_FINANCIAL_KNOWLEDGE
How do I create a personal budget spreadsheet for fuel?,GENERAL_FINANCIAL_KNOWLEDGE
Explain risk vs reward in HBL portfolio construction.,GENERAL_FINANCIAL_KNOWLEDGE
What is a stock market index compared to a NBP index?,GENERAL_FINANCIAL_KNOWLEDGE
How do I create a personal budget spreadsheet for shopping?,GENERAL_FINANCIAL_KNOWLEDGE
How do I allocate budget for entertainment in general?,GENERAL_FINANCIAL_KNOWLEDGE
What is capital gains tax on Alfalah investment profits?,GENERAL_FINANCIAL_KNOWLEDGE
Explain the concept of opportunity cost in utilities budgeting.,GENERAL_FINANCIAL_KNOWLEDGE
What are the common risks in dining out spending?,GENERAL_FINANCIAL_KNOWLEDGE
What is the rule of 72 for Meezan investments?,GENERAL_FINANCIAL_KNOWLEDGE
How does credit card interest accumulate on a Meezan card?,GENERAL_FINANCIAL_KNOWLEDGE
What is an index fund and how is it different from a Alfalah deposit?,GENERAL_FINANCIAL_KNOWLEDGE
What is a good savings rate for travel as a young professional?,GENERAL_FINANCIAL_KNOWLEDGE
How do dividend-paying stocks work in a SCB account?,GENERAL_FINANCIAL_KNOWLEDGE
What is the role of inflation in investment planning for July?,GENERAL_FINANCIAL_KNOWLEDGE
Explain the concept of net asset value (NAV) for HBL funds.,GENERAL_FINANCIAL_KNOWLEDGE
Explain the concept of compound interest for Meezan accounts.,GENERAL_FINANCIAL_KNOWLEDGE
Explain the concept of net asset value (NAV) for UBL funds.,GENERAL_FINANCIAL_KNOWLEDGE
How can I avoid credit card debt on my Easypaisa account?,GENERAL_FINANCIAL_KNOWLEDGE
Explain the concept of opportunity cost in entertainment budgeting.,GENERAL_FINANCIAL_KNOWLEDGE
Explain risk vs reward in NBP portfolio construction.,GENERAL_FINANCIAL_KNOWLEDGE
What are the common risks in utilities spending?,GENERAL_FINANCIAL_KNOWLEDGE
Explain value investing vs growth investing for rent.,GENERAL_FINANCIAL_KNOWLEDGE
How does credit card interest accumulate on a Easypaisa card?,GENERAL_FINANCIAL_KNOWLEDGE
Explain the concept of opportunity cost in food budgeting.,GENERAL_FINANCIAL_KNOWLEDGE
What is a treasury bill vs a JazzCash bond?,GENERAL_FINANCIAL_KNOWLEDGE
What is a good savings rate for groceries as a young professional?,GENERAL_FINANCIAL_KNOWLEDGE
How do index funds track the market compared to SCB mutual funds?,GENERAL_FINANCIAL_KNOWLEDGE
What is dollar-cost averaging in a NBP savings program?,GENERAL_FINANCIAL_KNOWLEDGE
Why is shopping budget planning important?,GENERAL_FINANCIAL_KNOWLEDGE
What is the rule of 72 for HBL investments?,GENERAL_FINANCIAL_KNOWLEDGE
Explain liquid assets vs illiquid assets in Meezan.,GENERAL_FINANCIAL_KNOWLEDGE
What is the difference between bull and bear markets in JazzCash trading?,GENERAL_FINANCIAL_KNOWLEDGE
Explain the 50/30/20 budget rule for fuel.,GENERAL_FINANCIAL_KNOWLEDGE
How does credit card interest accumulate on a SCB card?,GENERAL_FINANCIAL_KNOWLEDGE
Explain the difference between simple and compound interest for Easypaisa deposits.,GENERAL_FINANCIAL_KNOWLEDGE
What is a good savings rate for food as a young professional?,GENERAL_FINANCIAL_KNOWLEDGE
What is tax tax-loss harvesting in a Easypaisa portfolio?,GENERAL_FINANCIAL_KNOWLEDGE
What does a financial planner do for fuel budget optimization?,GENERAL_FINANCIAL_KNOWLEDGE
Why is travel budget planning important?,GENERAL_FINANCIAL_KNOWLEDGE
How do I allocate budget for travel in general?,GENERAL_FINANCIAL_KNOWLEDGE
How do I create a personal budget spreadsheet for entertainment?,GENERAL_FINANCIAL_KNOWLEDGE
What is a certificate of deposit in NBP?,GENERAL_FINANCIAL_KNOWLEDGE
Explain risk vs reward in UBL portfolio construction.,GENERAL_FINANCIAL_KNOWLEDGE
What is the difference between a mutual fund and an ETF on SCB?,GENERAL_FINANCIAL_KNOWLEDGE
Explain the difference between simple and compound interest for SCB deposits.,GENERAL_FINANCIAL_KNOWLEDGE
What is liquidity in finance for fuel management?,GENERAL_FINANCIAL_KNOWLEDGE
What is the rule of 72 for UBL investments?,GENERAL_FINANCIAL_KNOWLEDGE
What is a high yield savings account in NBP?,GENERAL_FINANCIAL_KNOWLEDGE
What is tax tax-loss harvesting in a HBL portfolio?,GENERAL_FINANCIAL_KNOWLEDGE
What is an index fund and how is it different from a SCB deposit?,GENERAL_FINANCIAL_KNOWLEDGE
What are the common risks in entertainment spending?,GENERAL_FINANCIAL_KNOWLEDGE
What is an index fund and how is it different from a JazzCash deposit?,GENERAL_FINANCIAL_KNOWLEDGE
How does credit card interest accumulate on a UBL card?,GENERAL_FINANCIAL_KNOWLEDGE
Explain liquid assets vs illiquid assets in Easypaisa.,GENERAL_FINANCIAL_KNOWLEDGE
How can I avoid credit card debt on my JazzCash account?,GENERAL_FINANCIAL_KNOWLEDGE
Why is fuel budget planning important?,GENERAL_FINANCIAL_KNOWLEDGE
What is inflation and how does it affect dining out savings?,GENERAL_FINANCIAL_KNOWLEDGE
Explain the concept of opportunity cost in dining out budgeting.,GENERAL_FINANCIAL_KNOWLEDGE
What is a dividend yield on a UBL stock?,GENERAL_FINANCIAL_KNOWLEDGE
What is a stock market index compared to a JazzCash index?,GENERAL_FINANCIAL_KNOWLEDGE
What is a stock market index compared to a UBL index?,GENERAL_FINANCIAL_KNOWLEDGE
What is tax tax-loss harvesting in a UBL portfolio?,GENERAL_FINANCIAL_KNOWLEDGE
How do I create a personal budget spreadsheet for groceries?,GENERAL_FINANCIAL_KNOWLEDGE
What is an emergency fund and how many months of groceries spending should it cover?,GENERAL_FINANCIAL_KNOWLEDGE
How can I avoid credit card debt on my HBL account?,GENERAL_FINANCIAL_KNOWLEDGE
What is the difference between a mutual fund and an ETF on Meezan?,GENERAL_FINANCIAL_KNOWLEDGE
Explain liquid assets vs illiquid assets in SCB.,GENERAL_FINANCIAL_KNOWLEDGE
What is the time value of money when budgeting for dining out?,GENERAL_FINANCIAL_KNOWLEDGE
Explain the 50/30/20 budget rule for shopping.,GENERAL_FINANCIAL_KNOWLEDGE
What is inflation and how does it affect entertainment savings?,GENERAL_FINANCIAL_KNOWLEDGE
Explain diversification in Alfalah portfolios.,GENERAL_FINANCIAL_KNOWLEDGE
What does a financial planner do for travel budget optimization?,GENERAL_FINANCIAL_KNOWLEDGE
Explain the concept of net asset value (NAV) for NBP funds.,GENERAL_FINANCIAL_KNOWLEDGE
What is a high yield savings account in Easypaisa?,GENERAL_FINANCIAL_KNOWLEDGE
What is capital gains tax on Meezan investment profits?,GENERAL_FINANCIAL_KNOWLEDGE
What is dollar-cost averaging in a Easypaisa savings program?,GENERAL_FINANCIAL_KNOWLEDGE
What is a bear market bounce in June?,GENERAL_FINANCIAL_KNOWLEDGE
What is the time value of money when budgeting for travel?,GENERAL_FINANCIAL_KNOWLEDGE
What is inflation and how does it affect rent savings?,GENERAL_FINANCIAL_KNOWLEDGE
What is the role of inflation in investment planning for February?,GENERAL_FINANCIAL_KNOWLEDGE
What is a stock market index compared to a Easypaisa index?,GENERAL_FINANCIAL_KNOWLEDGE
Explain the concept of opportunity cost in travel budgeting.,GENERAL_FINANCIAL_KNOWLEDGE
Explain value investing vs growth investing for fuel.,GENERAL_FINANCIAL_KNOWLEDGE
What is an emergency fund and how many months of travel spending should it cover?,GENERAL_FINANCIAL_KNOWLEDGE
Explain the concept of compound interest for SCB accounts.,GENERAL_FINANCIAL_KNOWLEDGE
What is inflation and how does it affect shopping savings?,GENERAL_FINANCIAL_KNOWLEDGE
What is inflation and how does it affect groceries savings?,GENERAL_FINANCIAL_KNOWLEDGE
What is a dividend yield on a HBL stock?,GENERAL_FINANCIAL_KNOWLEDGE
How does a JazzCash savings account compare to a fixed deposit?,GENERAL_FINANCIAL_KNOWLEDGE
What is a dividend yield on a Meezan stock?,GENERAL_FINANCIAL_KNOWLEDGE
How can I avoid credit card debt on my NBP account?,GENERAL_FINANCIAL_KNOWLEDGE
How do dividend-paying stocks work in a Alfalah account?,GENERAL_FINANCIAL_KNOWLEDGE
What is asset allocation for a JazzCash portfolio?,GENERAL_FINANCIAL_KNOWLEDGE
Explain the concept of compound interest for HBL accounts.,GENERAL_FINANCIAL_KNOWLEDGE
How does credit card interest accumulate on a NBP card?,GENERAL_FINANCIAL_KNOWLEDGE
What is compound interest on a NBP account?,GENERAL_FINANCIAL_KNOWLEDGE
What is a dividend yield on a Alfalah stock?,GENERAL_FINANCIAL_KNOWLEDGE
Explain the concept of opportunity cost in fuel budgeting.,GENERAL_FINANCIAL_KNOWLEDGE
How does credit score affect interest rates in UBL?,GENERAL_FINANCIAL_KNOWLEDGE
What is a good savings rate for shopping as a young professional?,GENERAL_FINANCIAL_KNOWLEDGE
What is liquidity in finance for food management?,GENERAL_FINANCIAL_KNOWLEDGE
What is the difference between bull and bear markets in Easypaisa trading?,GENERAL_FINANCIAL_KNOWLEDGE
What is a bear market bounce in September?,GENERAL_FINANCIAL_KNOWLEDGE
What is asset allocation for a HBL portfolio?,GENERAL_FINANCIAL_KNOWLEDGE
What is a stock market index compared to a HBL index?,GENERAL_FINANCIAL_KNOWLEDGE
What is the time value of money when budgeting for utilities?,GENERAL_FINANCIAL_KNOWLEDGE
How does a Meezan savings account compare to a fixed deposit?,GENERAL_FINANCIAL_KNOWLEDGE
What is compound interest on a HBL account?,GENERAL_FINANCIAL_KNOWLEDGE
What is a stock market index compared to a Alfalah index?,GENERAL_FINANCIAL_KNOWLEDGE
What is the difference between a mutual fund and an ETF on HBL?,GENERAL_FINANCIAL_KNOWLEDGE
What is the rule of 72 for Alfalah investments?,GENERAL_FINANCIAL_KNOWLEDGE
How do index funds track the market compared to Alfalah mutual funds?,GENERAL_FINANCIAL_KNOWLEDGE
What is an index fund and how is it different from a Meezan deposit?,GENERAL_FINANCIAL_KNOWLEDGE
How do I create a personal budget spreadsheet for travel?,GENERAL_FINANCIAL_KNOWLEDGE
